Workbook

Sheet raw
A1: Emp ID | B1: Employee Name | C1: Gender | D1: Age | E1: Department | F1: Location | G1: Joining Date | H1: Email | I1: Salary | J1: Employment Type | K1: Performance
A2: E001 | B2: John Michael | C2: Male | D2: 25 | E2: Data Analytics | F2: Chennai | G2: 45306 | H2: john@gmail.com | I2: 45000 | J2: Full Time | K2: Excellent
A3: E002 | B3: priya sharma | C3: Female | D3: 24 | E3: data engineering | F3: Hyderabad | G3: 45342 | H3: priya@gmail.com | I3: 52000 | J3: Full-Time | K3: Good
A4: E003 | B4: RAHUL KUMAR | C4: M | D4: 29 | E4: Data Analytics | F4: Chennai | G4: 45361 | H4: rahul@gmail | I4: 48000 | J4: FT | K4: Good | Q4: Emp ID | R4: DUPLICATES | S4: Remove duplicates
A5: E003 | B5: RAHUL KUMAR | C5: M | D5: 29 | E5: Data Analytics | F5: Chennai | G5: 45361 | H5: rahul@gmail | I5: 48000 | J5: FT | K5: Good | Q5: Employee Name | R5: MIXED CASE | S5: Upper
A6: E004 | B6: Anjali Devi | C6: F | D6: 27 | E6: Finance | F6: Bangalore | G6: 31-04-2024 | H6: anjali@gmail.com | I6: 55000 | J6: Full Time | K6: Excellent | Q6: Gender | R6: Improper | S6: Find and Replace
A7: E005 | B7: Arjun Kumar | C7: Male | D7: 150 | E7: HR | F7: Hyderabad | G7: 45417 | H7: arjun@gmail.com | I7: 42000 | J7: Part Time | K7: Average | Q7: Age | R7: Missing values, Invalid data | S7: Handling missing values
A8: E006 | B8: Sneha Rao | C8: Female | D8: 26 | E8: IT | F8: Chennai | G8: 45455 | H8: sneha@gmail.com | I8: 50000 | J8: Full Time | K8: Good | Q8: Department | R8: Mixed case | S8: PROPER, UPPER
A9: E007 | B9: Karthik Raj | C9: Male | D9: 28 | E9: IT | F9: Hyderabad | G9: 45461 | H9: karthik@gmail.com | J9: Full Time | K9: Excellent | Q9: Location | R9: Mixed case | S9: PROPER
A10: E008 | B10: Divya Singh | C10: Female | D10: 23 | E10: Finance | F10: Mumbai | G10: 45468 | H10: divya@gmail.com | I10: 47000 | J10: Part Time | K10: good | Q10: Joining Date | R10: Unwanted space | S10: Data format, Replaced with Valid date
A11: E008 | B11: Divya Singh | C11: Female | D11: 23 | E11: Finance | F11: Mumbai | G11: 45468 | H11: divya@gmail.com | I11: 47000 | J11: Part Time | K11: good | Q11: Email | R11: Invalid | S11: Flagging the invalid email
A12: E009 | B12: Ravi Kumar | C12: Male | D12: 26 | E12: Data Analytics | F12: chennai | G12: 45475 | H12: ravi@gmail.com | I12: 46000 | J12: Full Time | K12: Excellent | Q12: Salary | R12: Missing values, Invalid data | S12: Flagged value not found and invalid salalry
A13: E010 | B13: Meena Joseph | C13: Female | E13: HR | F13: Hyderabad | G13: 45483 | H13: meena@gmail.com | I13: 44000 | J13: Full Time | K13: Average | Q13: Employment Type | R13: Invalid
A14: E011 | B14: John Michael | C14: Male | D14: 25 | E14: Data Analytics | F14: Chennai | G14: 45306 | H14: john@gmail.com | I14: 45000 | J14: Full Time | K14: Excellent | Q14: Performance | R14: mixed case
A15: E012 | B15: Vikram Das | C15: Male | D15: 31 | E15: Data Engineering | F15: Hyderabad | G15: 45495 | H15: vikram@gmail.com | I15: 58000 | J15: full time | K15: Excellent
A16: E013 | B16: Pooja Nair | C16: Female | D16: 27 | E16: Finance | F16: Bangalore | G16: 45505 | H16: pooja@gmail | I16: 51000 | J16: Full Time | K16: Good
A17: E014 | B17: Suresh B | C17: Male | D17: 22 | E17: IT | F17: Chennai | G17: 45509 | H17: suresh@gmail.com | I17: -5000 | J17: Full Time | K17: Good
A18: E015 | B18: Lakshmi Priya | C18: Female | D18: 26 | E18: Data Engineering | F18: Hyderabad | G18: 45516 | H18: lakshmi@gmail.com | I18: 56000 | J18: Full Time | K18: EXCELLENT

Sheet Sheet2
B4: Emp id | C4: name | D4: dep | G4: emp id | H4: salary | M4: Product | N4: Price | P4: product | Q4: price
B5: 101 | C5: a | D5: da | G5: 101 | H5: 450000 | M5: laptop | N5: 60000 | P5: sofa | Q5: 80000
B6: 102 | C6: b | D6: it | G6: 102 | H6: 500000 | M6: mobile | N6: 40000 | P6: table | Q6: 70000
C12: MERGE QUERY | L12: APPEND QUERY | N12: Product | O12: Price
D13: emp id | E13: name | F13: dep | G13: salary | N13: laptop | O13: 60000
D14: 101 | E14: a | F14: da | G14: 450000 | N14: mobile | O14: 40000
D15: 102 | E15: b | F15: it | G15: 500000 | N15: sofa | O15: 80000
N16: table | O16: 70000

Sheet clean
A1: Emp ID | B1: Employee Name | C1: Gender | D1: Age | E1: Department | F1: Location | G1: Joining Date | H1: Email | I1: Salary | J1: Employment Type | K1: Performance | L1: Performance Grade
A2: E001 | B2: =UPPER(raw!B2) -> JOHN MICHAEL | C2: Male | D2: 25 | E2: =PROPER(raw!E2) -> Data Analytics | F2: =PROPER(raw!F2) -> Chennai | G2: 45306 | H2: john@gmail.com | I2: 45000 | J2: =PROPER(raw!J2) -> Full Time | K2: =PROPER(raw!K2) -> Excellent | L2: {=_xlfn.IFS(K2="Excellent",3,K2="Good",2,K2="Average",1)} -> 3
A3: E002 | B3: =UPPER(raw!B3) -> PRIYA SHARMA | C3: Female | D3: 24 | E3: =PROPER(raw!E3) -> Data Engineering | F3: =PROPER(raw!F3) -> Hyderabad | G3: 45342 | H3: priya@gmail.com | I3: 52000 | J3: Full Time | K3: =PROPER(raw!K3) -> Good | L3: {=_xlfn.IFS(K3="Excellent",3,K3="Good",2,K3="Average",1)} -> 2
A4: E003 | B4: =UPPER(raw!B4) -> RAHUL KUMAR | C4: Male | D4: 29 | E4: =PROPER(raw!E4) -> Data Analytics | F4: =PROPER(raw!F4) -> Chennai | G4: 45361 | H4: Invalid email | I4: 48000 | J4: Full Time | K4: =PROPER(raw!K4) -> Good | L4: {=_xlfn.IFS(K4="Excellent",3,K4="Good",2,K4="Average",1)} -> 2
A5: E004 | B5: =UPPER(raw!B5) -> RAHUL KUMAR | C5: Female | D5: 27 | E5: =PROPER(raw!E5) -> Data Analytics | F5: =PROPER(raw!F5) -> Chennai | G5: 45412 | H5: anjali@gmail.com | I5: 55000 | J5: Full Time | K5: =PROPER(raw!K5) -> Good | L5: {=_xlfn.IFS(K5="Excellent",3,K5="Good",2,K5="Average",1)} -> 2
A6: E005 | B6: =UPPER(raw!B6) -> ANJALI DEVI | C6: Male | D6: 50 | E6: =PROPER(raw!E6) -> Finance | F6: =PROPER(raw!F6) -> Bangalore | G6: 45417 | H6: arjun@gmail.com | I6: 42000 | J6: =PROPER(raw!J7) -> Part Time | K6: =PROPER(raw!K6) -> Excellent | L6: {=_xlfn.IFS(K6="Excellent",3,K6="Good",2,K6="Average",1)} -> 3
A7: E006 | B7: =UPPER(raw!B7) -> ARJUN KUMAR | C7: Female | D7: 26 | E7: =UPPER(raw!E7) -> HR | F7: =PROPER(raw!F7) -> Hyderabad | G7: 45455 | H7: sneha@gmail.com | I7: 50000 | J7: =PROPER(raw!J8) -> Full Time | K7: =PROPER(raw!K7) -> Average | L7: {=_xlfn.IFS(K7="Excellent",3,K7="Good",2,K7="Average",1)} -> 1
A8: E007 | B8: =UPPER(raw!B8) -> SNEHA RAO | C8: Male | D8: 28 | E8: =UPPER(raw!E8) -> IT | F8: =PROPER(raw!F8) -> Chennai | G8: 45461 | H8: karthik@gmail.com | I8: Not found | J8: =PROPER(raw!J9) -> Full Time | K8: =PROPER(raw!K8) -> Good | L8: {=_xlfn.IFS(K8="Excellent",3,K8="Good",2,K8="Average",1)} -> 2
A9: E008 | B9: =UPPER(raw!B9) -> KARTHIK RAJ | C9: Female | D9: 23 | E9: =UPPER(raw!E9) -> IT | F9: =PROPER(raw!F9) -> Hyderabad | G9: 45468 | H9: divya@gmail.com | I9: 47000 | J9: =PROPER(raw!J10) -> Part Time | K9: =PROPER(raw!K9) -> Excellent | L9: {=_xlfn.IFS(K9="Excellent",3,K9="Good",2,K9="Average",1)} -> 3
A10: E009 | B10: =UPPER(raw!B10) -> DIVYA SINGH | C10: Male | D10: 26 | E10: =PROPER(raw!E10) -> Finance | F10: =PROPER(raw!F10) -> Mumbai | G10: 45475 | H10: ravi@gmail.com | I10: 46000 | J10: =PROPER(raw!J11) -> Part Time | K10: =PROPER(raw!K10) -> Good | L10: {=_xlfn.IFS(K10="Excellent",3,K10="Good",2,K10="Average",1)} -> 2
A11: E010 | B11: =UPPER(raw!B11) -> DIVYA SINGH | C11: Female | D11: Prefer not to say | E11: =PROPER(raw!E11) -> Finance | F11: =PROPER(raw!F11) -> Mumbai | G11: 45483 | H11: meena@gmail.com | I11: 44000 | J11: =PROPER(raw!J12) -> Full Time | K11: =PROPER(raw!K11) -> Good | L11: {=_xlfn.IFS(K11="Excellent",3,K11="Good",2,K11="Average",1)} -> 2
A12: E011 | B12: =UPPER(raw!B12) -> RAVI KUMAR | C12: Male | D12: 25 | E12: =PROPER(raw!E12) -> Data Analytics | F12: =PROPER(raw!F12) -> Chennai | G12: 45306 | H12: john@gmail.com | I12: 45000 | J12: =PROPER(raw!J13) -> Full Time | K12: =PROPER(raw!K12) -> Excellent | L12: {=_xlfn.IFS(K12="Excellent",3,K12="Good",2,K12="Average",1)} -> 3
A13: E012 | B13: =UPPER(raw!B13) -> MEENA JOSEPH | C13: Male | D13: 31 | E13: =UPPER(raw!E13) -> HR | F13: =PROPER(raw!F13) -> Hyderabad | G13: 45495 | H13: vikram@gmail.com | I13: 58000 | J13: =PROPER(raw!J14) -> Full Time | K13: =PROPER(raw!K13) -> Average | L13: {=_xlfn.IFS(K13="Excellent",3,K13="Good",2,K13="Average",1)} -> 1
A14: E013 | B14: =UPPER(raw!B14) -> JOHN MICHAEL | C14: Female | D14: 27 | E14: =PROPER(raw!E14) -> Data Analytics | F14: =PROPER(raw!F14) -> Chennai | G14: 45505 | H14: Invalid email | I14: 51000 | J14: =PROPER(raw!J15) -> Full Time | K14: =PROPER(raw!K14) -> Excellent | L14: {=_xlfn.IFS(K14="Excellent",3,K14="Good",2,K14="Average",1)} -> 3
A15: E014 | B15: =UPPER(raw!B15) -> VIKRAM DAS | C15: Male | D15: 22 | E15: =PROPER(raw!E15) -> Data Engineering | F15: =PROPER(raw!F15) -> Hyderabad | G15: 45509 | H15: suresh@gmail.com | I15: Invalid salary | J15: =PROPER(raw!J16) -> Full Time | K15: =PROPER(raw!K15) -> Excellent | L15: {=_xlfn.IFS(K15="Excellent",3,K15="Good",2,K15="Average",1)} -> 3
A16: E015 | B16: =UPPER(raw!B16) -> POOJA NAIR | C16: Female | D16: 26 | E16: =PROPER(raw!E16) -> Finance | F16: =PROPER(raw!F16) -> Bangalore | G16: 45516 | H16: lakshmi@gmail.com | I16: 56000 | J16: =PROPER(raw!J17) -> Full Time | K16: =PROPER(raw!K16) -> Good | L16: {=_xlfn.IFS(K16="Excellent",3,K16="Good",2,K16="Average",1)} -> 2
